North West Delhi[edit],
Adarsh Nagar,15
Ashok Vihar,15
Azadpur,15
Bawana,15
Begum Pur,15
Dhaka,15
Jahangirpuri,15
Karala,15
Keshav Puram,15
Kingsway Camp,15
Kohat Enclave,15
Model Town,15
Narela,15
Pitam Pura,15
Rani Bagh,15
Rithala,15
Rohini Sub City,15
Shalimar Bagh,15
North Delhi[edit],15
Shakti Nagar,15
Bara Hindu Rao,15
Chandni Chowk,15
Chawri Bazaar,15
Civil Lines,15
Dariba Kalan,15
Fatehpuri Masjid,15
Ghantewala,15
Gulabi Bagh,15
Kamla Nagar,15
Kashmiri Gate,15
Kotwali,15
Lahori Gate,15
Moti Masjid,15
Nehru Vihar,15
Paharganj,15
Pratap Nagar,15
Pul Bangash,15
Roshanara Bagh,15
Sadar Bazaar,15
Sangam Vihar,15
Sant Nagar,15
Sarai Kale Khan,15
Sarai Rohilla,15
Shakti Nagar,15
Shastri Nagar,15
Tees Hazari,15
Timarpur,15
Wazirabad,15
North East Delhi[edit],
Babarpur,19
Dilshad Garden,19
Kabir Nagar,19
Mandoli,19
Maujpur,19
Nand Nagri,19
Naveen Shahdara,19
New Usmanpur,19
Sadatpur,19
Shahdara,19
Sonia Vihar,19
Shastri Park,19
Yamuna Vihar,19
Central Delhi[edit],
Chandni Chowk,20
Daryaganj,20
Jhandewalan,20
Karol Bagh,20
Bara Hindu Rao,20
Paharganj,20
Rajender Nagar,20
Sadar Bazaar,20
New Delhi[edit],
Barakhamba Road,22
Chanakyapuri,22
Connaught Place,22
Gautampuri,22
Gole Market,22
Golf Links,22
INA Colony,22
Khan Market,22
Laxmibai Nagar,22
Pragati Maidan,22
East Delhi[edit],
Brij Puri,11
East Vinod Nagar,11
Gandhi Nagar,11
Geeta Colony,11
Jhilmil Colony,11
Krishna Nagar,11
Laxmi Nagar,11
Mayur Vihar,11
Pandav Nagar,11
Patparganj,11
Preet Vihar,11
Anand Vihar,11
Shakarpur,11
Shastri Nagar,11
Silampur,11
Vasundhara Enclave,11
Vishwas Nagar,11
Vivek Vihar,11
Shahdara,11
South Delhi[edit],
Alaknanda,8
Chhattarpur,8
Chittaranjan Park,8
Dayanand Colony,8
Defence Colony,8
East of Kailash,8
Friends Colony,8
Govindpuri,8
Greater Kailash,8
Green Park,8
Gulmohar Park,8
Hauz Khas,8
Hauz Khas Village,8
Jaitpur,8
Jamroodpur Village,8
Jangpura,8
Jasola,8
Jor Bagh,8
Kailash Colony,8
Kalkaji,8
Khanpur,8
Khirki Village,8
Kotla Mubarakpur,8
Lajpat Nagar,8
Lodi Colony,8
Maharani Bagh,8
Malviya Nagar,8
Mehrauli,8
Neeti Bagh,8
Nehru Place,8
Netaji Nagar,8
New Friends Colony,8
Nizamuddin West,8
Okhla,8
Pulpehaladpur,8
Safdarjung Enclave,8
Sainik Farm,8
Saket,8
Sarita Vihar,8
Sarojini Nagar,8
Sarvodaya Enclave,8
Shahpur Jat,8
Siri Fort,8
South Extension,8
Sriniwaspuri,8
Sundar Nagar[1],8
Tughlaqabad,8
Badarpur,8
South West Delhi[edit],
Dakshinapuram,16
Delhi Cantonment,16
Dhaula Kuan,16
Dwarka,16
Ghitorni,16
Inderpuri,16
Kirby Place,16
Kishangarh Village,16
Mahipalpur,16
Moti Bagh,16
Munirka,16
Najafgarh,16
Naraina,16
Rama Krishna Puram,16
Rajokri,16
Rangpuri,16
Sadar Bazaar,16
Sarojini Nagar,16
Uttam Nagar,16
Vasant Kunj,16
Vasant Vihar,16
West Delhi[edit],
Ashok Nagar,10
Bali Nagar,10
Dashrath Puri,10
Dhaula Kuan,10
Dwarka Sub City,10
Fateh Nagar,10
Janakpuri,10
Kirti Nagar,10
Meera Bagh,10
Moti Nagar,10
Nehru Nagar,10
Partap Nagar,10
Paschim Vihar,10
Patel Nagar,10
Punjabi Bagh,10
Rajender Nagar,10
Rajouri Garden,10
Shivaji Place,10
Tihar Village,10
Tilak Nagar,10
Uttam Nagar,10
Vikas Nagar,10
Vikaspuri,10
National Capital Region[edit],
BAGHPAT,
"Sonipat, Haryana",
"Panipat, Haryana",
"Faridabad, Haryana",
"Gurgaon, Haryana",
Noida,
Greater Noida,
Ghaziabad,
Modinagar,
Murad Nagar,
Hapur,
"Bahadurgarh, Haryana",
Ballabhgarh,
"Jhajjar, Haryana",
"Manesar, Haryana",
Meerut,
Rewari,
"Rohtak, Haryana",
